engine,suite,test,metric,unit,value,ts,run_id,round,velox_ver,dd_ver
velox,env,vcpu,count,n,8,1787582729.804841,2026-08-24,0,1.2.0,4.88.0
velox,env,memory,total_mb,MB,8017,1787582729.870461,2026-08-24,0,1.2.0,4.88.0
velox,disk,installed_footprint,size,MB,357,1787582730.093586,2026-08-24,0,1.2.0,4.88.0
dd,disk,installed_footprint,size,MB,2193,1787582730.177909,2026-08-24,0,1.2.0,4.88.0
velox,disk,atrest_footprint,size,MB,5668,1787582730.258709,2026-08-24,0,1.2.0,4.88.0
dd,disk,atrest_footprint,size,MB,6187,1787582730.328743,2026-08-24,0,1.2.0,4.88.0
dd,env,vcpu,count,n,8,1787582797.6321301,2026-08-24,0,1.2.0,4.88.0
dd,env,memory,total_mb,MB,7934,1787582797.7026482,2026-08-24,0,1.2.0,4.88.0
velox,idle,cpu,pct,pct,0.76,1787583114.29982,2026-08-24,0,1.2.0,4.88.0
velox,idle,rss_active,host_rss,MB,734,1787583114.447576,2026-08-24,0,1.2.0,4.88.0
velox,idle,rss_saver,host_rss,MB,373,1787583415.2164412,2026-08-24,0,1.2.0,4.88.0
velox,idle,cpu_saver,pct,pct,0.58,1787583415.361384,2026-08-24,0,1.2.0,4.88.0
dd,idle,cpu,pct,pct,3.52,1787583721.9653141,2026-08-24,0,1.2.0,4.88.0
dd,idle,rss_active,host_rss,MB,1771,1787583722.111833,2026-08-24,0,1.2.0,4.88.0
dd,idle,rss_saver,host_rss,MB,847,1787584023.6389031,2026-08-24,0,1.2.0,4.88.0
dd,idle,cpu_saver,pct,pct,1.68,1787584023.767853,2026-08-24,0,1.2.0,4.88.0
velox,lifecycle,restart_to_ready,time_s,s,1.347,1787584028.5237188,2026-08-24,1,1.2.0,4.88.0
dd,lifecycle,restart_to_ready,time_s,s,2.001,1787584047.56578,2026-08-24,1,1.2.0,4.88.0
dd,lifecycle,restart_to_ready,time_s,s,1.959,1787584063.372083,2026-08-24,2,1.2.0,4.88.0
velox,lifecycle,restart_to_ready,time_s,s,1.227,1787584068.712817,2026-08-24,2,1.2.0,4.88.0
velox,lifecycle,restart_to_ready,time_s,s,1.229,1787584073.525986,2026-08-24,3,1.2.0,4.88.0
dd,lifecycle,restart_to_ready,time_s,s,1.99,1787584089.380897,2026-08-24,3,1.2.0,4.88.0
dd,lifecycle,restart_to_ready,time_s,s,1.96,1787584105.177949,2026-08-24,4,1.2.0,4.88.0
velox,lifecycle,restart_to_ready,time_s,s,1.23,1787584110.510467,2026-08-24,4,1.2.0,4.88.0
velox,lifecycle,restart_to_ready,time_s,s,1.237,1787584115.320498,2026-08-24,5,1.2.0,4.88.0
dd,lifecycle,restart_to_ready,time_s,s,2.016,1787584131.180873,2026-08-24,5,1.2.0,4.88.0
velox,launch,run_true,median_s,s,0.10993583084,1787584244.4670742,2026-08-24,1,1.2.0,4.88.0
velox,launch,churn30_per,per_s,s,0.115,1787584248.132063,2026-08-24,1,1.2.0,4.88.0
velox,launch,parallel20_total,total_s,s,0.859,1787584249.23567,2026-08-24,1,1.2.0,4.88.0
velox,net,pubport_h2c_p1,gbits,gbps,33.72,1787584258.761326,2026-08-24,1,1.2.0,4.88.0
velox,net,pubport_h2c_p4,gbits,gbps,56.72,1787584266.9269109,2026-08-24,1,1.2.0,4.88.0
velox,net,c2host,gbits,gbps,94.37,1787584275.312268,2026-08-24,1,1.2.0,4.88.0
velox,net,c2c,gbits,gbps,126.15,1787584283.825496,2026-08-24,1,1.2.0,4.88.0
velox,io,cp_out,mbps,MBps,490.0,1787584286.649821,2026-08-24,1,1.2.0,4.88.0
velox,io,cp_in,mbps,MBps,355.1,1787584289.7832599,2026-08-24,1,1.2.0,4.88.0
velox,fs,bind_write,mbps,MBps,1142.0,1787584291.162376,2026-08-24,1,1.2.0,4.88.0
velox,fs,bind_read,mbps,MBps,2427.1,1787584291.816149,2026-08-24,1,1.2.0,4.88.0
velox,fs,vol_write,mbps,MBps,1848.5,1787584292.647744,2026-08-24,1,1.2.0,4.88.0
velox,fs,overlay_write,mbps,MBps,1329.1,1787584293.688587,2026-08-24,1,1.2.0,4.88.0
velox,fs,smallfiles_bind,extract_s,s,3.213,1787584297.168016,2026-08-24,1,1.2.0,4.88.0
velox,image,load_local,total_s,s,7.05,1787584314.18863,2026-08-24,1,1.2.0,4.88.0
velox,image,load_local,size_mb,MB,381,1787584314.3480651,2026-08-24,1,1.2.0,4.88.0
velox,realworld,pgbench_init,load_s,s,3.059,1787584320.600686,2026-08-24,1,1.2.0,4.88.0
velox,realworld,pgbench_tps,tps,tps,11221.704121,1787584350.780791,2026-08-24,1,1.2.0,4.88.0
velox,build,cold,total_s,s,1.822,1787584354.586638,2026-08-24,1,1.2.0,4.88.0
velox,build,cached_noop,total_s,s,0.278,1787584355.079233,2026-08-24,1,1.2.0,4.88.0
velox,build,incremental,total_s,s,1.523,1787584356.8197608,2026-08-24,1,1.2.0,4.88.0
velox,build,context_xfer,mbps,MBps,129.4,1787584361.232961,2026-08-24,1,1.2.0,4.88.0
velox,compose,up_ready,total_s,s,3.356,1787584367.868298,2026-08-24,1,1.2.0,4.88.0
velox,compose,down,total_s,s,10.403,1787584378.493922,2026-08-24,1,1.2.0,4.88.0
velox,emul,amd64_sha,total_s,s,2.056,1787584485.677218,2026-08-24,1,1.2.0,4.88.0
velox,emul,native_sha,total_s,s,0.421,1787584485.762084,2026-08-24,1,1.2.0,4.88.0
velox,emul,amd64_tax,ratio,x,4.88,1787584485.894651,2026-08-24,1,1.2.0,4.88.0
dd,launch,run_true,median_s,s,0.1288835137,1787584589.079343,2026-08-24,1,1.2.0,4.88.0
dd,launch,churn30_per,per_s,s,0.133,1787584593.2757719,2026-08-24,1,1.2.0,4.88.0
dd,launch,parallel20_total,total_s,s,1.02,1787584594.540431,2026-08-24,1,1.2.0,4.88.0
dd,net,pubport_h2c_p1,gbits,gbps,12.66,1787584603.85498,2026-08-24,1,1.2.0,4.88.0
dd,net,pubport_h2c_p4,gbits,gbps,22.69,1787584612.024244,2026-08-24,1,1.2.0,4.88.0
dd,net,c2host,gbits,gbps,25.54,1787584620.4608378,2026-08-24,1,1.2.0,4.88.0
dd,net,c2c,gbits,gbps,81.96,1787584629.092561,2026-08-24,1,1.2.0,4.88.0
dd,io,cp_out,mbps,MBps,227.4,1787584634.361344,2026-08-24,1,1.2.0,4.88.0
dd,io,cp_in,mbps,MBps,152.3,1787584641.289813,2026-08-24,1,1.2.0,4.88.0
dd,fs,bind_write,mbps,MBps,1116.5,1787584643.002513,2026-08-24,1,1.2.0,4.88.0
dd,fs,bind_read,mbps,MBps,2018.3,1787584643.745408,2026-08-24,1,1.2.0,4.88.0
dd,fs,vol_write,mbps,MBps,1839.9,1787584644.5553439,2026-08-24,1,1.2.0,4.88.0
dd,fs,overlay_write,mbps,MBps,1732.0,1787584645.410929,2026-08-24,1,1.2.0,4.88.0
dd,fs,smallfiles_bind,extract_s,s,2.655,1787584648.312803,2026-08-24,1,1.2.0,4.88.0
dd,image,load_local,total_s,s,6.766,1787584662.810158,2026-08-24,1,1.2.0,4.88.0
dd,image,load_local,size_mb,MB,381,1787584662.963236,2026-08-24,1,1.2.0,4.88.0
dd,realworld,pgbench_init,load_s,s,2.843,1787584669.4649549,2026-08-24,1,1.2.0,4.88.0
dd,realworld,pgbench_tps,tps,tps,11772.221348,1787584699.6279428,2026-08-24,1,1.2.0,4.88.0
dd,build,cold,total_s,s,1.768,1787584702.165442,2026-08-24,1,1.2.0,4.88.0
dd,build,cached_noop,total_s,s,0.248,1787584702.6229372,2026-08-24,1,1.2.0,4.88.0
dd,build,incremental,total_s,s,1.55,1787584704.3771782,2026-08-24,1,1.2.0,4.88.0
dd,build,context_xfer,mbps,MBps,34.6,1787584719.506021,2026-08-24,1,1.2.0,4.88.0
dd,compose,up_ready,total_s,s,5.297,1787584728.64818,2026-08-24,1,1.2.0,4.88.0
dd,compose,down,total_s,s,3.522,1787584732.3997881,2026-08-24,1,1.2.0,4.88.0
dd,emul,amd64_sha,total_s,s,3.933,1787586336.2594419,2026-08-24,1,1.2.0,4.88.0
dd,emul,native_sha,total_s,s,0.634,1787586336.34621,2026-08-24,1,1.2.0,4.88.0
dd,emul,amd64_tax,ratio,x,6.2,1787586336.516649,2026-08-24,1,1.2.0,4.88.0
velox,disk,installed_footprint,size,MB,357,1787641080.067227,2026-08-24,0,1.2.0,4.88.0
dd,disk,installed_footprint,size,MB,2193,1787641080.128273,2026-08-24,0,1.2.0,4.88.0
velox,disk,atrest_footprint,size,MB,13266,1787641080.188889,2026-08-24,0,1.2.0,4.88.0
dd,disk,atrest_footprint,size,MB,13977,1787641080.2489002,2026-08-24,0,1.2.0,4.88.0
dd,launch,run_true,median_s,s,0.13046272302,1787647818.525358,2026-08-24,2,1.2.0,4.88.0
dd,launch,churn30_per,per_s,s,0.135,1787647822.765545,2026-08-24,2,1.2.0,4.88.0
dd,launch,parallel20_total,total_s,s,0.976,1787647823.9672918,2026-08-24,2,1.2.0,4.88.0
dd,net,pubport_h2c_p1,gbits,gbps,12.78,1787647833.244499,2026-08-24,2,1.2.0,4.88.0
dd,net,pubport_h2c_p4,gbits,gbps,25.04,1787647841.392878,2026-08-24,2,1.2.0,4.88.0
dd,net,c2host,gbits,gbps,25.48,1787647849.815925,2026-08-24,2,1.2.0,4.88.0
dd,net,c2c,gbits,gbps,102.51,1787647858.417314,2026-08-24,2,1.2.0,4.88.0
dd,io,cp_out,mbps,MBps,217.7,1787647863.83678,2026-08-24,2,1.2.0,4.88.0
dd,io,cp_in,mbps,MBps,148.1,1787647870.937237,2026-08-24,2,1.2.0,4.88.0
dd,fs,bind_write,mbps,MBps,1267.2,1787647872.408036,2026-08-24,2,1.2.0,4.88.0
dd,fs,bind_read,mbps,MBps,2180.3,1787647873.062242,2026-08-24,2,1.2.0,4.88.0
dd,fs,vol_write,mbps,MBps,2012.0,1787647873.80302,2026-08-24,2,1.2.0,4.88.0
dd,fs,overlay_write,mbps,MBps,1656.3,1787647874.658192,2026-08-24,2,1.2.0,4.88.0
dd,fs,smallfiles_bind,extract_s,s,2.595,1787647877.45746,2026-08-24,2,1.2.0,4.88.0
dd,image,load_local,total_s,s,6.524,1787647891.184352,2026-08-24,2,1.2.0,4.88.0
dd,image,load_local,size_mb,MB,381,1787647891.304571,2026-08-24,2,1.2.0,4.88.0
dd,realworld,pgbench_init,load_s,s,2.18,1787647896.179671,2026-08-24,2,1.2.0,4.88.0
dd,realworld,pgbench_tps,tps,tps,12371.529152,1787647926.3635159,2026-08-24,2,1.2.0,4.88.0
dd,build,cold,total_s,s,1.763,1787647929.357362,2026-08-24,2,1.2.0,4.88.0
dd,build,cached_noop,total_s,s,0.234,1787647929.806907,2026-08-24,2,1.2.0,4.88.0
dd,build,incremental,total_s,s,1.568,1787647931.5734131,2026-08-24,2,1.2.0,4.88.0
dd,build,context_xfer,mbps,MBps,86.8,1787647937.740049,2026-08-24,2,1.2.0,4.88.0
dd,compose,up_ready,total_s,s,3.475,1787647959.9531798,2026-08-24,2,1.2.0,4.88.0
dd,compose,down,total_s,s,3.473,1787647963.612556,2026-08-24,2,1.2.0,4.88.0
dd,emul,amd64_sha,total_s,s,2.049,1787647986.370479,2026-08-24,2,1.2.0,4.88.0
dd,emul,native_sha,total_s,s,0.425,1787647986.434818,2026-08-24,2,1.2.0,4.88.0
dd,emul,amd64_tax,ratio,x,4.82,1787647986.557865,2026-08-24,2,1.2.0,4.88.0
dd,quality,slept,flag,n,0,1787647988.980762,2026-08-24,2,1.2.0,4.88.0
velox,launch,run_true,median_s,s,0.10655547438,1787648103.3693461,2026-08-24,2,1.2.0,4.88.0
velox,launch,churn30_per,per_s,s,0.11,1787648106.862189,2026-08-24,2,1.2.0,4.88.0
velox,launch,parallel20_total,total_s,s,0.812,1787648107.878824,2026-08-24,2,1.2.0,4.88.0
velox,net,pubport_h2c_p1,gbits,gbps,49.3,1787648117.398359,2026-08-24,2,1.2.0,4.88.0
velox,net,pubport_h2c_p4,gbits,gbps,61.58,1787648125.553322,2026-08-24,2,1.2.0,4.88.0
velox,net,c2host,gbits,gbps,51.18,1787648133.9129431,2026-08-24,2,1.2.0,4.88.0
velox,net,c2c,gbits,gbps,133.65,1787648142.39961,2026-08-24,2,1.2.0,4.88.0
velox,io,cp_out,mbps,MBps,542.8,1787648144.891129,2026-08-24,2,1.2.0,4.88.0
velox,io,cp_in,mbps,MBps,379.1,1787648147.7851362,2026-08-24,2,1.2.0,4.88.0
velox,fs,bind_write,mbps,MBps,1538.0,1787648149.333056,2026-08-24,2,1.2.0,4.88.0
velox,fs,bind_read,mbps,MBps,2574.1,1787648149.944772,2026-08-24,2,1.2.0,4.88.0
velox,fs,vol_write,mbps,MBps,2114.9,1787648150.6606028,2026-08-24,2,1.2.0,4.88.0
velox,fs,overlay_write,mbps,MBps,2261.1,1787648151.352858,2026-08-24,2,1.2.0,4.88.0
velox,fs,smallfiles_bind,extract_s,s,3.205,1787648154.788921,2026-08-24,2,1.2.0,4.88.0
velox,image,load_local,total_s,s,6.504,1787648169.496764,2026-08-24,2,1.2.0,4.88.0
velox,image,load_local,size_mb,MB,381,1787648169.619591,2026-08-24,2,1.2.0,4.88.0
velox,realworld,pgbench_init,load_s,s,2.196,1787648174.6216729,2026-08-24,2,1.2.0,4.88.0
velox,realworld,pgbench_tps,tps,tps,14312.079902,1787648204.7525,2026-08-24,2,1.2.0,4.88.0
velox,build,cold,total_s,s,1.599,1787648207.376972,2026-08-24,2,1.2.0,4.88.0
velox,build,cached_noop,total_s,s,0.23,1787648207.804673,2026-08-24,2,1.2.0,4.88.0
velox,build,incremental,total_s,s,1.476,1787648209.48191,2026-08-24,2,1.2.0,4.88.0
velox,build,context_xfer,mbps,MBps,145.0,1787648213.3529868,2026-08-24,2,1.2.0,4.88.0
velox,compose,up_ready,total_s,s,3.566,1787648235.343213,2026-08-24,2,1.2.0,4.88.0
velox,compose,down,total_s,s,10.361,1787648245.922925,2026-08-24,2,1.2.0,4.88.0
velox,emul,amd64_sha,total_s,s,2.068,1787648269.197193,2026-08-24,2,1.2.0,4.88.0
velox,emul,native_sha,total_s,s,0.423,1787648269.2724721,2026-08-24,2,1.2.0,4.88.0
velox,emul,amd64_tax,ratio,x,4.89,1787648269.415521,2026-08-24,2,1.2.0,4.88.0
velox,quality,slept,flag,n,0,1787648271.882533,2026-08-24,2,1.2.0,4.88.0
velox,launch,run_true,median_s,s,0.11203524990000002,1787648381.2105742,2026-08-24,3,1.2.0,4.88.0
velox,launch,churn30_per,per_s,s,0.116,1787648384.9160168,2026-08-24,3,1.2.0,4.88.0
velox,launch,parallel20_total,total_s,s,0.873,1787648385.9973729,2026-08-24,3,1.2.0,4.88.0
velox,net,pubport_h2c_p1,gbits,gbps,46.55,1787648395.502909,2026-08-24,3,1.2.0,4.88.0
velox,net,pubport_h2c_p4,gbits,gbps,59.77,1787648403.665098,2026-08-24,3,1.2.0,4.88.0
velox,net,c2host,gbits,gbps,91.22,1787648412.030132,2026-08-24,3,1.2.0,4.88.0
velox,net,c2c,gbits,gbps,104.19,1787648420.516715,2026-08-24,3,1.2.0,4.88.0
velox,io,cp_out,mbps,MBps,540.0,1787648422.95651,2026-08-24,3,1.2.0,4.88.0
velox,io,cp_in,mbps,MBps,372.7,1787648425.8997812,2026-08-24,3,1.2.0,4.88.0
velox,fs,bind_write,mbps,MBps,1307.2,1787648427.455796,2026-08-24,3,1.2.0,4.88.0
velox,fs,bind_read,mbps,MBps,2452.1,1787648428.0923882,2026-08-24,3,1.2.0,4.88.0
velox,fs,vol_write,mbps,MBps,2119.4,1787648428.814721,2026-08-24,3,1.2.0,4.88.0
velox,fs,overlay_write,mbps,MBps,1635.7,1787648429.6982138,2026-08-24,3,1.2.0,4.88.0
velox,fs,smallfiles_bind,extract_s,s,2.263,1787648432.197012,2026-08-24,3,1.2.0,4.88.0
velox,image,load_local,total_s,s,6.811,1787648442.869787,2026-08-24,3,1.2.0,4.88.0
velox,image,load_local,size_mb,MB,381,1787648442.994289,2026-08-24,3,1.2.0,4.88.0
velox,realworld,pgbench_init,load_s,s,2.227,1787648448.0328739,2026-08-24,3,1.2.0,4.88.0
velox,realworld,pgbench_tps,tps,tps,13771.228988,1787648478.164421,2026-08-24,3,1.2.0,4.88.0
velox,build,cold,total_s,s,1.581,1787648480.996831,2026-08-24,3,1.2.0,4.88.0
velox,build,cached_noop,total_s,s,0.231,1787648481.430495,2026-08-24,3,1.2.0,4.88.0
velox,build,incremental,total_s,s,1.532,1787648483.1683998,2026-08-24,3,1.2.0,4.88.0
velox,build,context_xfer,mbps,MBps,147.2,1787648486.9715352,2026-08-24,3,1.2.0,4.88.0
velox,compose,up_ready,total_s,s,3.586,1787648509.568052,2026-08-24,3,1.2.0,4.88.0
velox,compose,down,total_s,s,10.354,1787648520.14148,2026-08-24,3,1.2.0,4.88.0
velox,emul,amd64_sha,total_s,s,2.079,1787648543.752327,2026-08-24,3,1.2.0,4.88.0
velox,emul,native_sha,total_s,s,0.423,1787648543.823976,2026-08-24,3,1.2.0,4.88.0
velox,emul,amd64_tax,ratio,x,4.91,1787648543.971796,2026-08-24,3,1.2.0,4.88.0
velox,quality,slept,flag,n,0,1787648546.455692,2026-08-24,3,1.2.0,4.88.0
dd,launch,run_true,median_s,s,0.12891834834000002,1787648650.564111,2026-08-24,3,1.2.0,4.88.0
dd,launch,churn30_per,per_s,s,0.136,1787648654.831866,2026-08-24,3,1.2.0,4.88.0
dd,launch,parallel20_total,total_s,s,1.007,1787648656.067709,2026-08-24,3,1.2.0,4.88.0
dd,net,pubport_h2c_p1,gbits,gbps,13.14,1787648665.325054,2026-08-24,3,1.2.0,4.88.0
dd,net,pubport_h2c_p4,gbits,gbps,25.81,1787648673.471766,2026-08-24,3,1.2.0,4.88.0
dd,net,c2host,gbits,gbps,26.86,1787648681.918991,2026-08-24,3,1.2.0,4.88.0
dd,net,c2c,gbits,gbps,96.37,1787648690.52015,2026-08-24,3,1.2.0,4.88.0
dd,io,cp_out,mbps,MBps,224.7,1787648695.8041651,2026-08-24,3,1.2.0,4.88.0
dd,io,cp_in,mbps,MBps,156.4,1787648702.544252,2026-08-24,3,1.2.0,4.88.0
dd,fs,bind_write,mbps,MBps,1269.1,1787648703.974632,2026-08-24,3,1.2.0,4.88.0
dd,fs,bind_read,mbps,MBps,2249.8,1787648704.63329,2026-08-24,3,1.2.0,4.88.0
dd,fs,vol_write,mbps,MBps,1869.7,1787648705.418886,2026-08-24,3,1.2.0,4.88.0
dd,fs,overlay_write,mbps,MBps,1722.0,1787648706.273568,2026-08-24,3,1.2.0,4.88.0
dd,fs,smallfiles_bind,extract_s,s,2.536,1787648709.030881,2026-08-24,3,1.2.0,4.88.0
dd,image,load_local,total_s,s,6.303,1787648719.3068779,2026-08-24,3,1.2.0,4.88.0
dd,image,load_local,size_mb,MB,381,1787648719.436564,2026-08-24,3,1.2.0,4.88.0
dd,realworld,pgbench_init,load_s,s,2.376,1787648724.549854,2026-08-24,3,1.2.0,4.88.0
dd,realworld,pgbench_tps,tps,tps,13031.076919,1787648754.7028108,2026-08-24,3,1.2.0,4.88.0
dd,build,cold,total_s,s,1.794,1787648757.588725,2026-08-24,3,1.2.0,4.88.0
dd,build,cached_noop,total_s,s,0.235,1787648758.0362182,2026-08-24,3,1.2.0,4.88.0
dd,build,incremental,total_s,s,1.564,1787648759.800802,2026-08-24,3,1.2.0,4.88.0
dd,build,context_xfer,mbps,MBps,95.9,1787648765.417557,2026-08-24,3,1.2.0,4.88.0
dd,compose,up_ready,total_s,s,3.544,1787648786.778819,2026-08-24,3,1.2.0,4.88.0
dd,compose,down,total_s,s,3.494,1787648790.4732969,2026-08-24,3,1.2.0,4.88.0
dd,emul,amd64_sha,total_s,s,2.081,1787648812.1085088,2026-08-24,3,1.2.0,4.88.0
dd,emul,native_sha,total_s,s,0.434,1787648812.177213,2026-08-24,3,1.2.0,4.88.0
dd,emul,amd64_tax,ratio,x,4.79,1787648812.307623,2026-08-24,3,1.2.0,4.88.0
dd,quality,slept,flag,n,0,1787648814.820611,2026-08-24,3,1.2.0,4.88.0
dd,launch,run_true,median_s,s,0.13161113914,1787648916.3036458,2026-08-24,4,1.2.0,4.88.0
dd,launch,churn30_per,per_s,s,0.138,1787648920.640243,2026-08-24,4,1.2.0,4.88.0
dd,launch,parallel20_total,total_s,s,30.439,1787648951.280498,2026-08-24,4,1.2.0,4.88.0
dd,net,pubport_h2c_p1,gbits,gbps,12.66,1787648960.5638871,2026-08-24,4,1.2.0,4.88.0
dd,net,pubport_h2c_p4,gbits,gbps,25.51,1787648968.7086232,2026-08-24,4,1.2.0,4.88.0
dd,net,c2host,gbits,gbps,26.29,1787648977.156014,2026-08-24,4,1.2.0,4.88.0
dd,net,c2c,gbits,gbps,96.38,1787648985.761871,2026-08-24,4,1.2.0,4.88.0
dd,io,cp_out,mbps,MBps,225.3,1787648990.96208,2026-08-24,4,1.2.0,4.88.0
dd,io,cp_in,mbps,MBps,156.2,1787648997.711034,2026-08-24,4,1.2.0,4.88.0
dd,fs,bind_write,mbps,MBps,1382.8,1787648999.157633,2026-08-24,4,1.2.0,4.88.0
dd,fs,bind_read,mbps,MBps,2179.5,1787648999.834202,2026-08-24,4,1.2.0,4.88.0
dd,fs,vol_write,mbps,MBps,1701.1,1787649000.675777,2026-08-24,4,1.2.0,4.88.0
dd,fs,overlay_write,mbps,MBps,1728.4,1787649001.527335,2026-08-24,4,1.2.0,4.88.0
dd,fs,smallfiles_bind,extract_s,s,2.524,1787649004.272541,2026-08-24,4,1.2.0,4.88.0
dd,image,load_local,total_s,s,6.381,1787649014.2094998,2026-08-24,4,1.2.0,4.88.0
dd,image,load_local,size_mb,MB,381,1787649014.342593,2026-08-24,4,1.2.0,4.88.0
dd,realworld,pgbench_init,load_s,s,2.213,1787649019.375784,2026-08-24,4,1.2.0,4.88.0
dd,realworld,pgbench_tps,tps,tps,13055.395465,1787649049.533901,2026-08-24,4,1.2.0,4.88.0
dd,quality,slept,flag,n,0,1787649052.5308,2026-08-24,4,1.2.0,4.88.0
velox,launch,run_true,median_s,s,0.10234348524,1787649165.641856,2026-08-24,4,1.2.0,4.88.0
velox,launch,churn30_per,per_s,s,0.109,1787649169.104745,2026-08-24,4,1.2.0,4.88.0
velox,launch,parallel20_total,total_s,s,0.813,1787649170.128533,2026-08-24,4,1.2.0,4.88.0
velox,net,pubport_h2c_p1,gbits,gbps,43.36,1787649179.7101262,2026-08-24,4,1.2.0,4.88.0
velox,net,pubport_h2c_p4,gbits,gbps,60.83,1787649187.8700569,2026-08-24,4,1.2.0,4.88.0
velox,net,c2host,gbits,gbps,50.95,1787649196.230368,2026-08-24,4,1.2.0,4.88.0
velox,net,c2c,gbits,gbps,131.5,1787649204.717889,2026-08-24,4,1.2.0,4.88.0
velox,io,cp_out,mbps,MBps,564.9,1787649207.1393018,2026-08-24,4,1.2.0,4.88.0
velox,io,cp_in,mbps,MBps,379.8,1787649210.033018,2026-08-24,4,1.2.0,4.88.0
velox,fs,bind_write,mbps,MBps,1578.4,1787649211.471082,2026-08-24,4,1.2.0,4.88.0
velox,fs,bind_read,mbps,MBps,2559.4,1787649212.0916831,2026-08-24,4,1.2.0,4.88.0
velox,fs,vol_write,mbps,MBps,2198.4,1787649212.792533,2026-08-24,4,1.2.0,4.88.0
velox,fs,overlay_write,mbps,MBps,2189.3,1787649213.505397,2026-08-24,4,1.2.0,4.88.0
velox,fs,smallfiles_bind,extract_s,s,3.235,1787649216.976771,2026-08-24,4,1.2.0,4.88.0
velox,image,load_local,total_s,s,6.611,1787649227.5616992,2026-08-24,4,1.2.0,4.88.0
velox,image,load_local,size_mb,MB,381,1787649227.685463,2026-08-24,4,1.2.0,4.88.0
velox,realworld,pgbench_init,load_s,s,2.207,1787649232.75469,2026-08-24,4,1.2.0,4.88.0
velox,realworld,pgbench_tps,tps,tps,14067.183939,1787649262.888236,2026-08-24,4,1.2.0,4.88.0
velox,quality,slept,flag,n,0,1787649265.93985,2026-08-24,4,1.2.0,4.88.0
velox,launch,run_true,median_s,s,0.105538203,1787649375.577232,2026-08-24,5,1.2.0,4.88.0
velox,launch,churn30_per,per_s,s,0.112,1787649379.1409101,2026-08-24,5,1.2.0,4.88.0
velox,launch,parallel20_total,total_s,s,0.884,1787649380.248769,2026-08-24,5,1.2.0,4.88.0
velox,net,pubport_h2c_p1,gbits,gbps,36.34,1787649389.766346,2026-08-24,5,1.2.0,4.88.0
velox,net,pubport_h2c_p4,gbits,gbps,55.25,1787649397.9408052,2026-08-24,5,1.2.0,4.88.0
velox,net,c2host,gbits,gbps,91.78,1787649406.3437178,2026-08-24,5,1.2.0,4.88.0
velox,net,c2c,gbits,gbps,129.64,1787649414.8393202,2026-08-24,5,1.2.0,4.88.0
velox,io,cp_out,mbps,MBps,512.1,1787649417.455403,2026-08-24,5,1.2.0,4.88.0
velox,io,cp_in,mbps,MBps,368.6,1787649420.452192,2026-08-24,5,1.2.0,4.88.0
velox,fs,bind_write,mbps,MBps,1154.9,1787649421.955084,2026-08-24,5,1.2.0,4.88.0
velox,fs,bind_read,mbps,MBps,2407.0,1787649422.608193,2026-08-24,5,1.2.0,4.88.0
velox,fs,vol_write,mbps,MBps,2009.3,1787649423.3631082,2026-08-24,5,1.2.0,4.88.0
velox,fs,overlay_write,mbps,MBps,2103.8,1787649424.10513,2026-08-24,5,1.2.0,4.88.0
velox,fs,smallfiles_bind,extract_s,s,3.081,1787649427.4289012,2026-08-24,5,1.2.0,4.88.0
velox,image,load_local,total_s,s,6.697,1787649442.714117,2026-08-24,5,1.2.0,4.88.0
velox,image,load_local,size_mb,MB,381,1787649442.837305,2026-08-24,5,1.2.0,4.88.0
velox,realworld,pgbench_init,load_s,s,2.182,1787649448.014753,2026-08-24,5,1.2.0,4.88.0
velox,realworld,pgbench_tps,tps,tps,13795.572797,1787649478.156699,2026-08-24,5,1.2.0,4.88.0
velox,quality,slept,flag,n,0,1787649481.214585,2026-08-24,5,1.2.0,4.88.0
dd,launch,run_true,median_s,s,0.1276106544,1787649585.318231,2026-08-24,5,1.2.0,4.88.0
dd,launch,churn30_per,per_s,s,0.136,1787649589.581713,2026-08-24,5,1.2.0,4.88.0
dd,launch,parallel20_total,total_s,s,0.98,1787649590.789771,2026-08-24,5,1.2.0,4.88.0
dd,net,pubport_h2c_p1,gbits,gbps,12.68,1787649600.0732758,2026-08-24,5,1.2.0,4.88.0
dd,net,pubport_h2c_p4,gbits,gbps,25.29,1787649608.2203252,2026-08-24,5,1.2.0,4.88.0
dd,net,c2host,gbits,gbps,26.36,1787649616.655863,2026-08-24,5,1.2.0,4.88.0
dd,net,c2c,gbits,gbps,95.77,1787649625.266905,2026-08-24,5,1.2.0,4.88.0
dd,io,cp_out,mbps,MBps,223.7,1787649630.5619981,2026-08-24,5,1.2.0,4.88.0
dd,io,cp_in,mbps,MBps,154.0,1787649637.4079099,2026-08-24,5,1.2.0,4.88.0
dd,fs,bind_write,mbps,MBps,1265.8,1787649638.842742,2026-08-24,5,1.2.0,4.88.0
dd,fs,bind_read,mbps,MBps,2195.8,1787649639.5021892,2026-08-24,5,1.2.0,4.88.0
dd,fs,vol_write,mbps,MBps,1478.0,1787649640.423435,2026-08-24,5,1.2.0,4.88.0
dd,fs,overlay_write,mbps,MBps,1472.0,1787649641.36461,2026-08-24,5,1.2.0,4.88.0
dd,fs,smallfiles_bind,extract_s,s,2.555,1787649644.13369,2026-08-24,5,1.2.0,4.88.0
dd,image,load_local,total_s,s,6.364,1787649657.645762,2026-08-24,5,1.2.0,4.88.0
dd,image,load_local,size_mb,MB,381,1787649657.774116,2026-08-24,5,1.2.0,4.88.0
dd,realworld,pgbench_init,load_s,s,2.571,1787649663.23212,2026-08-24,5,1.2.0,4.88.0
dd,realworld,pgbench_tps,tps,tps,11357.264942,1787649693.419137,2026-08-24,5,1.2.0,4.88.0
dd,quality,slept,flag,n,0,1787649697.5668402,2026-08-24,5,1.2.0,4.88.0
velox,mem,loaded,host_rss,MB,1949,1787649832.957837,2026-08-24,0,1.2.0,4.88.0
velox,mem,postload,host_rss,MB,1945,1787650014.7081869,2026-08-24,0,1.2.0,4.88.0
dd,mem,loaded,host_rss,MB,2991,1787650309.3239381,2026-08-24,0,1.2.0,4.88.0
dd,mem,postload,host_rss,MB,2727,1787650491.4973152,2026-08-24,0,1.2.0,4.88.0
velox,disk,installed_footprint,size,MB,357,1787650895.07861,2026-08-24,0,1.2.0,4.88.0
dd,disk,installed_footprint,size,MB,2193,1787650895.1921868,2026-08-24,0,1.2.0,4.88.0
velox,disk,atrest_footprint,size,MB,12172,1787650895.298163,2026-08-24,0,1.2.0,4.88.0
dd,disk,atrest_footprint,size,MB,12440,1787650895.405832,2026-08-24,0,1.2.0,4.88.0
velox,matrix,bind_mount,state,state,pass,1787651056.339274,2026-08-24,0,1.2.0,4.88.0
velox,matrix,host_docker_internal,state,state,pass,1787651057.612427,2026-08-24,0,1.2.0,4.88.0
velox,matrix,udp_publish,state,state,pass,1787651060.1141021,2026-08-24,0,1.2.0,4.88.0
velox,matrix,ipv4_publish,state,state,pass,1787651060.924115,2026-08-24,0,1.2.0,4.88.0
velox,matrix,ipv6_publish,state,state,pass,1787651060.9975948,2026-08-24,0,1.2.0,4.88.0
velox,matrix,privileged_port,state,state,pass,1787651061.813257,2026-08-24,0,1.2.0,4.88.0
velox,matrix,publish_loopback_pin,state,state,pass,1787651062.60892,2026-08-24,0,1.2.0,4.88.0
velox,matrix,percontainer_hostip,state,state,fail,1787651078.712503,2026-08-24,0,1.2.0,4.88.0
velox,matrix,platform_linux_amd64,state,state,pass(x86_64),1787651080.611955,2026-08-24,0,1.2.0,4.88.0
velox,matrix,platform_linux_arm_v7,state,state,pass(armv7l),1787651082.3962271,2026-08-24,0,1.2.0,4.88.0
velox,matrix,platform_linux_386,state,state,pass(i686),1787651084.250566,2026-08-24,0,1.2.0,4.88.0
velox,matrix,buildkit_build,state,state,pass,1787651084.501411,2026-08-24,0,1.2.0,4.88.0
velox,matrix,build_provenance,state,state,pass,1787651084.707663,2026-08-24,0,1.2.0,4.88.0
velox,matrix,stats,state,state,pass,1787651088.054699,2026-08-24,0,1.2.0,4.88.0
velox,matrix,logs_follow,state,state,pass,1787651092.162548,2026-08-24,0,1.2.0,4.88.0
velox,matrix,events_stream,state,state,pass,1787651096.425194,2026-08-24,0,1.2.0,4.88.0
velox,matrix,exec,state,state,pass,1787651096.535896,2026-08-24,0,1.2.0,4.88.0
velox,matrix,named_access,state,state,pass,1787651099.822933,2026-08-24,0,1.2.0,4.88.0
dd,matrix,bind_mount,state,state,pass,1787651167.942687,2026-08-24,0,1.2.0,4.88.0
dd,matrix,host_docker_internal,state,state,pass,1787651169.369329,2026-08-24,0,1.2.0,4.88.0
dd,matrix,udp_publish,state,state,pass,1787651171.616761,2026-08-24,0,1.2.0,4.88.0
dd,matrix,ipv4_publish,state,state,pass,1787651172.506331,2026-08-24,0,1.2.0,4.88.0
dd,matrix,ipv6_publish,state,state,pass,1787651172.5833118,2026-08-24,0,1.2.0,4.88.0
dd,matrix,privileged_port,state,state,pass,1787651173.419792,2026-08-24,0,1.2.0,4.88.0
dd,matrix,publish_loopback_pin,state,state,pass,1787651174.265874,2026-08-24,0,1.2.0,4.88.0
dd,matrix,percontainer_hostip,state,state,pass,1787651175.137428,2026-08-24,0,1.2.0,4.88.0
dd,matrix,platform_linux_amd64,state,state,pass(x86_64),1787651177.191403,2026-08-24,0,1.2.0,4.88.0
dd,matrix,platform_linux_arm_v7,state,state,pass(armv7l),1787651179.028584,2026-08-24,0,1.2.0,4.88.0
dd,matrix,platform_linux_386,state,state,pass(i686),1787651180.8618119,2026-08-24,0,1.2.0,4.88.0
dd,matrix,buildkit_build,state,state,pass,1787651181.275599,2026-08-24,0,1.2.0,4.88.0
dd,matrix,build_provenance,state,state,pass,1787651181.516729,2026-08-24,0,1.2.0,4.88.0
dd,matrix,stats,state,state,pass,1787651184.7804842,2026-08-24,0,1.2.0,4.88.0
dd,matrix,logs_follow,state,state,pass,1787651188.8948128,2026-08-24,0,1.2.0,4.88.0
dd,matrix,events_stream,state,state,pass,1787651193.1685162,2026-08-24,0,1.2.0,4.88.0
dd,matrix,exec,state,state,pass,1787651193.2901912,2026-08-24,0,1.2.0,4.88.0
velox,disk,reclaim,grew_mb,MB,5491,1787651474.895539,2026-08-24,0,1.2.0,4.88.0
velox,disk,reclaim,returned_mb,MB,5295,1787651474.958047,2026-08-24,0,1.2.0,4.88.0
velox,disk,reclaim,retained_mb,MB,196,1787651475.026288,2026-08-24,0,1.2.0,4.88.0
dd,disk,reclaim,grew_mb,MB,5210,1787651725.1756082,2026-08-24,0,1.2.0,4.88.0
dd,disk,reclaim,returned_mb,MB,3594,1787651725.23782,2026-08-24,0,1.2.0,4.88.0
dd,disk,reclaim,retained_mb,MB,1616,1787651725.300212,2026-08-24,0,1.2.0,4.88.0
